test name,test path,clone time,build time,clone stat,clone bytes,clone files,clone dirs,build stat,build bytes,build files,build dirs
redis,disk,8.913806915283203,22.30358386039734,0.006999015808105469,79727295,657,76,0.010425090789794922,87936076,782,76
nginx,disk,7.309294939041138,27.22928500175476,0.006573915481567383,63260422,467,63,0.007498979568481445,69135205,591,78
apache,disk,38.44630813598633,44.73358511924744,0.02942204475402832,331347728,3740,117,0.03811907768249512,361626198,4579,235
ruby,disk,55.66049098968506,240.90621900558472,0.038877010345458984,197851729,3380,441,0.1800708770751953,283647597,17092,2179
python,disk,45.97622799873352,115.630136013031,0.032302141189575195,389691033,3788,261,0.04493093490600586,435144219,4264,301
